product_code,start_week,end_week,n_weeks,mean_discount_depth,baseline_units_per_week,baseline_weeks_used,baseline_is_clean,control_skus,control_factor,actual_units,expected_units_naive,expected_units_did,uplift_naive,uplift_naive_%,uplift_did,uplift_did_%,post_weeks,post_delta_units,net_uplift_units,pulled_forward,avg_net_price,avg_list_price,discount_given,unit_cost_assumed,margin_per_unit_at_promo_price,incremental_units,incremental_margin,discount_subsidy_on_baseline_units,net_margin_effect,verdict,evidence,_rank
1665,2025-03-31,2026-05-18,60,0.1396,528.5,6,False,none available,1.0,88023.0,31710.0,31710.0,56313.0,177.6,56313.0,177.6,0,,56313.0,False,51.06,59.34,728780.0,45.65,5.41,56313.0,304870.0,262559.0,42311.0,repeat,weak,0
1875,2025-03-31,2026-05-18,60,0.1397,409.0,6,False,none available,1.0,78912.0,24540.0,24540.0,54372.0,221.6,54372.0,221.6,0,,54372.0,False,51.07,59.42,659180.0,48.7,2.37,54372.0,128594.0,204909.0,-76315.0,do not repeat,weak,0
1283,2025-02-10,2025-04-21,11,0.0399,2691.0,5,False,none available,1.0,44584.0,29601.0,29601.0,14983.0,50.6,14983.0,50.6,6,-8828.0,6155.0,True,184.62,192.36,344984.0,155.13,29.49,6155.0,181517.0,229112.0,-47595.0,do not repeat,weak,1
1283,2026-03-09,2026-03-23,3,-0.0001,2440.0,5,True,none available,1.0,10783.0,7320.0,7320.0,3463.0,47.3,3463.0,47.3,6,2663.0,6126.0,False,198.52,198.5,-217.0,160.08,38.44,6126.0,235479.0,-146.0,235626.0,repeat,moderate,2
1283,2025-09-22,2025-10-27,6,0.1253,781.0,3,True,"1857, 1858, 9304",0.875,4482.0,4686.0,4100.6,-204.0,-4.4,381.4,9.3,6,2354.4,2735.9,False,179.86,205.66,115654.0,165.85,14.01,2735.9,38317.0,105795.0,-67479.0,do not repeat,strong,3
1857,2026-03-02,2026-05-18,12,0.043,3448.5,6,True,none available,1.0,41860.0,41382.0,41382.0,478.0,1.2,478.0,1.2,0,,478.0,False,19.97,20.86,37533.0,16.43,3.54,478.0,1694.0,36830.0,-35136.0,do not repeat,weak,1
9304,2025-02-03,2025-03-24,8,0.0,296.0,4,False,none available,1.0,2541.0,2368.0,2368.0,173.0,7.3,173.0,7.3,6,128.0,301.0,False,17.24,17.24,0.0,14.13,3.11,301.0,936.0,0.0,936.0,repeat,weak,1
1858,2026-03-02,2026-05-18,12,0.0476,2097.5,6,True,none available,1.0,22609.0,25170.0,25170.0,-2561.0,-10.2,-2561.0,-10.2,0,,-2561.0,False,19.87,20.86,22460.0,16.56,3.31,-2561.0,-8488.0,24918.0,-33407.0,do not repeat,weak,1
1283,2025-06-02,2025-06-16,3,0.0166,1246.5,6,False,"1857, 1858, 9304",0.762,3020.0,3739.5,2850.7,-719.5,-19.2,169.3,5.9,6,-4413.5,-4244.2,True,194.27,197.55,9911.0,159.31,34.96,-4244.2,-148358.0,9350.0,-157708.0,do not repeat,moderate,2
